, Record# , Invoice# , Due Date ,, Current , 1 - 30 , 31 - 60 , 61 - 90 , 91-120+ 
,,,,,,,,,
,,,,,,,,,
 18024401  Tom Brady ,,,,,,,,,
,,,,,,,,,
,23335, 18024401-1 , 07/04/2020 ,,,,,,"8,607.75"
,24380, 18024401-2 , 10/24/2020 ,,,,,665.24,
,,,,,,,,,
,,,, Job Totals: ,0,0,0,665.24,"8,607.75"
,,,,,,,,,
 170357003  Drew Brees,,,,,,,,,
,,,,,,,,,
,15584,170357003, 06/22/2017 ,,,,,,"3,850.73"
,18494, 170357003-1 , 07/22/2017 ,,,,,,57.76
,18496, 170357003-2 , 08/22/2017 ,,,,,,58.63
,18497, 170357003-3 , 09/22/2017 ,,,,,,59.51
,18498, 170357003-4 , 10/22/2017 ,,,,,,60.4
,18499, 170357003-5 , 11/22/2017 ,,,,,,61.31
,18500, 170357003-6 , 12/22/2017 ,,,,,,62.23
,18501, 170357003-7 , 01/22/2018 ,,,,,,63.16
,18502, 170357003-8 , 02/22/2018 ,,,,,,64.11
,18503, 170357003-9 , 03/22/2018 ,,,,,,65.07
,18504, 170357003-10 , 04/22/2018 ,,,,,,66.04
,18505, 170357003-11 , 05/22/2018 ,,,,,,67.03
,18506, 170357003-12 , 06/22/2018 ,,,,,,68.04
,18507, 170357003-13 , 07/22/2018 ,,,,,,69.06
,18582, 170357003-15 , 08/22/2018 ,,,,,,70.1
,18782, 170357003-16 , 09/22/2018 ,,,,,,71.15
,18969, 170357003-17 , 10/22/2018 ,,,,,,72.21
,19223, 170357003-18 , 11/22/2018 ,,,,,,73.3
,19339, 170357003-19 , 12/22/2018 ,,,,,,74.4
,19545, 170357003-20 , 01/22/2019 ,,,,,,75.51
,19739, 170357003-21 , 02/22/2019 ,,,,,,76.65
,19974, 170357003-22 , 03/22/2019 ,,,,,,77.8
,20179, 170357003-23 , 04/22/2019 ,,,,,,78.96
,20538, 170357003-24 , 05/22/2019 ,,,,,,80.15
,20601, 170357003-25 , 06/22/2019 ,,,,,,81.35
,21014, 170357003-26 , 07/22/2019 ,,,,,,82.57
,21015, 170357003-27 , 08/22/2019 ,,,,,,83.81
,21482, 170357003-28 , 09/22/2019 ,,,,,,85.07
,21483, 170357003-29 , 10/22/2019 ,,,,,,86.34
,24395, 170357003-30 , 10/22/2020 ,,,,,"1,142.89",
,,,,,,,,,
,,,, Job Totals: ,0,0,0,"1,142.89","5,842.45"
,,,,,,,,,
 170674001  Kyler Murray,,,,,,,,,
,,,,,,,,,
,24375, 170674001-2 , 03/25/2019 ,,,,,,"1,616.18"
,,,,,,,,,
,,,, Job Totals: ,0,0,0,0,"1,616.18"
,,,,,,,,,
 170875001  Matt Ryan,,,,,,,,,
,,,,,,,,,
,24387, 170875001-1 , 04/12/2018 ,,,,,,"2,078.33"
,,,,,,,,,
,,,, Job Totals: ,0,0,0,0,"2,078.33"
,,,,,,,,,
 171148001  Lamar Jackson ,,,,,,,,,
,,,,,,,,,
,22021, 171148001-7 , 02/01/2020 ,,,,,,"11,745.23"
,,,,,,,,,
,,,, Job Totals: ,0,0,0,0,"11,745.23"
,,,,,,,,,
 171436001  Josh Allen,,,,,,,,,
,,,,,,,,,
,24388,171436001, 03/04/2019 ,,,,,,"1,493.51"
,24389, 171436001-1 , 04/04/2020 ,,,,,,346.14
,24390, 171436001-2 , 11/04/2020 ,,,,,202.08,
,,,,,,,,,
,,,, Job Totals: ,0,0,0,202.08,"1,839.65"
,,,,,,,,,
 171562001  Teddy Bridgewater,,,,,,,,,
,,,,,,,,,
,20690, 171562001-3 , 07/22/2019 ,,,,,,"2,712.69"
,,,,,,,,,
,,,, Job Totals: ,0,0,0,0,"2,712.69"
,,,,,,,,,
 180411001  Mitchell Trubisky,,,,,,,,,
,,,,,,,,,
,20895, 180411001-4 , 08/22/2019 ,,,,,,"2,692.10"
,,,,,,,,,
,,,, Job Totals: ,0,0,0,0,"2,692.10"
,,,,,,,,,
 180564001  Joe Burrow ,,,,,,,,,
,,,,,,,,,
,24587, 180564001-3 , 11/26/2020 ,,,,"2,564.13",,
,,,,,,,,,
,,,, Job Totals: ,0,0,"2,564.13",0,0
,,,,,,,,,
 180872001  Baker Mayfield,,,,,,,,,
,,,,,,,,,
,24391,180872001, 05/16/2020 ,,,,,,841.13
,24392, 180872001-1 , 10/16/2020 ,,,,,65.01,
,,,,,,,,,
,,,, Job Totals: ,0,0,0,65.01,841.13
,,,,,,,,,
 180919001  Dak Prescott,,,,,,,,,
,,,,,,,,,
,24393,180919001, 05/28/2020 ,,,,,,"2,554.86"
,24394, 180919001-1 , 10/28/2020 ,,,,,197.44,
,,,,,,,,,
,,,, Job Totals: ,0,0,0,197.44,"2,554.86"
,,,,,,,,,
 180928001  Drew Lock,,,,,,,,,
,,,,,,,,,
,19850,180928001, 03/16/2019 ,,,,,,"4,851.01"
,,,,,,,,,
,,,, Job Totals: ,0,0,0,0,"4,851.01"
,,,,,,,,,
 181017001  Matt Stafford,,,,,,,,,
,,,,,,,,,
,20367, 181017001-1 , 06/13/2019 ,,,,,,"2,457.87"
,21324, 181017001-2 , 06/13/2019 ,,,,,,150.82
,21474, 181017001-3 , 10/13/2019 ,,,,,,39.13
,21785, 181017001-5 , 11/13/2019 ,,,,,,39.72
,22117, 181017001-6 , 01/13/2020 ,,,,,,81.23
,22655, 181017001-7 , 04/13/2020 ,,,,,,126.47
,23460, 181017001-8 , 06/13/2020 ,,,,,,87.51
,24382, 181017001-9 , 09/13/2020 ,,,,,,136.24
,24383, 181017001-10 , 10/13/2020 ,,,,,46.78,
,,,,,,,,,
,,,, Job Totals: ,0,0,0,46.78,"3,118.99"
,,,,,,,,,
 181051001  Aaron Rodgers,,,,,,,,,
,,,,,,,,,
,20428, 181051001-1 , 06/21/2019 ,,,,,,"7,869.88"
,21325, 181051001-3 , 06/21/2019 ,,,,,,482.93
,21787, 181051001-4 , 10/21/2019 ,,,,,,125.29
,21939, 181051001-5 , 11/21/2019 ,,,,,,127.17
,21940, 181051001-5 , 12/21/2019 ,,,,,,129.08
,22118, 181051001-6 , 01/21/2020 ,,,,,,131.02
,22656, 181051001-7 , 03/21/2020 ,,,,,,267.96
,23110, 181051001-8 , 05/21/2020 ,,,,,,276.05
,23461, 181051001-9 , 06/21/2020 ,,,,,,141.14
,24002, 181051001-10 , 08/21/2020 ,,,,,,288.67
,24384, 181051001-11 , 10/21/2020 ,,,,,297.39,
,,,,,,,,,
,,,, Job Totals: ,0,0,0,297.39,"9,839.19"
,,,,,,,,,
 190274001  Deshaun Watson,,,,,,,,,
,,,,,,,,,
,22043, 190274001-4 , 02/06/2020 ,,,,,,938.21
,,,,,,,,,
,,,, Job Totals: ,0,0,0,0,938.21
,,,,,,,,,
 190290001  Philip Rivers,,,,,,,,,
,,,,,,,,,
,20939,190290001, 08/23/2019 ,,,,,,788.88
,23112, 190290001-6 , 05/18/2020 ,,,,,,11.83
,24004, 190290001-7 , 09/18/2020 ,,,,,,49.13
,,,,,,,,,
,,,, Job Totals: ,0,0,0,0,849.84
,,,,,,,,,
 190311001  Mike Glennon,,,,,,,,,
,,,,,,,,,
,22166, 190311001-1 , 02/15/2020 ,,,,,,"16,193.32"
,24005, 190311001-2 , 09/15/2020 ,,,,,,"2,048.33"
,24865, 190311001-3 , 12/15/2020 ,,,833.25,,,
,24866, 190311001-4 , 01/02/2021 ,,,"15,638.70",,,
,,,,,,,,,
,,,, Job Totals: ,0,"16,471.95",0,0,"18,241.65"
,,,,,,,,,
 190471001  Patrick Mahomes,,,,,,,,,
,,,,,,,,,
,21631, 190471001-1 , 11/28/2019 ,,,,,,"2,154.31"
,24798, 190471001-3 , 12/11/2020 ,,,250,,,
,,,,,,,,,
,,,, Job Totals: ,0,250,0,0,"2,154.31"
,,,,,,,,,
 190808001  Derek Carr,,,,,,,,,
,,,,,,,,,
,21524,190808001, 11/07/2019 ,,,,,,"1,000.00"
,22527, 190808001-2 , 11/07/2019 ,,,,,,77.29
,22663, 190808001-3 , 04/07/2020 ,,,,,,16.16
,23113, 190808001-4 , 05/07/2020 ,,,,,,16.4
,23471, 190808001-5 , 07/07/2020 ,,,,,,33.55
,24007, 190808001-6 , 09/07/2020 ,,,,,,34.56
,24385, 190808001-7 , 11/07/2020 ,,,,,35.6,
,,,,,,,,,
,,,, Job Totals: ,0,0,0,35.6,"1,177.96"
,,,,,,,,,
 190889001  Justin Herbert,,,,,,,,,
,,,,,,,,,
,21686,190889001, 11/15/2019 ,,,,,,941.17
,22438, 190889001-1 , 11/15/2019 ,,,,,,72.73
,23116, 190889001-2 , 05/15/2020 ,,,,,,30.65
,23472, 190889001-3 , 06/15/2020 ,,,,,,15.67
,24008, 190889001-4 , 09/15/2020 ,,,,,,48.42
,24386, 190889001-5 , 10/15/2020 ,,,,,16.63,
,,,,,,,,,
,,,, Job Totals: ,0,0,0,16.63,"1,108.64"
,,,,,,,,,
 190891001  Jared Goff ,,,,,,,,,
,,,,,,,,,
,24919,190891001, 12/01/2019 ,,,,,,382.72
,,,,,,,,,
,,,, Job Totals: ,0,0,0,0,382.72
,,,,,,,,,
 190914001  Tua Tagovailoa,,,,,,,,,
,,,,,,,,,
,23880, 190914001-2 , 09/05/2020 ,,,,,,"6,657.22"
,24588, 190914001-3 , 11/26/2020 ,,,,"5,422.59",,
,,,,,,,,,
,,,, Job Totals: ,0,0,"5,422.59",0,"6,657.22"
,,,,,,,,,
 191001001  Kirk Cousins,,,,,,,,,
,,,,,,,,,
,22539, 191001001-2 , 04/02/2020 ,,,,,,"1,062.04"
,22540, 191001001-3 , 04/02/2020 ,,,,,,"4,931.88"
,22913, 191001001-4 , 05/14/2020 ,,,,,,"-2,052.64"
,23395, 191001001-5 , 07/10/2020 ,,,,,,-771.36
,,,,,,,,,
,,,, Job Totals: ,0,0,0,0,"3,169.92"
,,,,,,,,,
 191023007  Cam Newton ,,,,,,,,,
,,,,,,,,,
,24918,191023007, 11/23/2019 ,,,,,,310.98
,,,,,,,,,
,,,, Job Totals: ,0,0,0,0,310.98
,,,,,,,,,
 191050001  Daniel Jones,,,,,,,,,
,,,,,,,,,
,23372, 191050001-1 , 07/09/2020 ,,,,,,"1,000.00"
,,,,,,,,,
,,,, Job Totals: ,0,0,0,0,"1,000.00"
,,,,,,,,,
 191059001  Sam Darnold,,,,,,,,,
,,,,,,,,,
,21843,191059001, 12/28/2019 ,,,,,,300
,,,,,,,,,
,,,, Job Totals: ,0,0,0,0,300
,,,,,,,,,
 191114001  Jalen Hurts,,,,,,,,,
,,,,,,,,,
,22934, 191114001-2 , 05/16/2020 ,,,,,,963.69
,22959, 191114001-3 , 05/18/2020 ,,,,,,"7,123.29"
,,,,,,,,,
,,,, Job Totals: ,0,0,0,0,"8,086.98"
,,,,,,,,,
 191121004  Mason Rudolph,,,,,,,,,
,,,,,,,,,
,22508,191121004, 03/29/2020 ,,,,,,15.69
,,,,,,,,,
,,,, Job Totals: ,0,0,0,0,15.69
,,,,,,,,,
 191164001  C.J. Bethard,,,,,,,,,
,,,,,,,,,
,24620, 191164001-1 , 11/30/2020 ,,,,"2,458.07",,
,,,,,,,,,
,,,, Job Totals: ,0,0,"2,458.07",0,0
,,,,,,,,,
 200040001  Russell Wilson,,,,,,,,,
,,,,,,,,,
,24206, 200040001-3 , 10/15/2020 ,,,,,"11,710.56",
,,,,,,,,,
,,,, Job Totals: ,0,0,0,"11,710.56",0
,,,,,,,,,
 200043001  Ryan Tannenhill,,,,,,,,,
,,,,,,,,,
,24687, 200043001-2 , 12/11/2020 ,,,"4,730.09",,,
,,,,,,,,,
,,,, Job Totals: ,0,"4,730.09",0,0,0
,,,,,,,,,
 200050001  Alex Smith,,,,,,,,,
,,,,,,,,,
,24045, 200050001-4 , 09/27/2020 ,,,,,,"4,932.19"
,,,,,,,,,
,,,, Job Totals: ,0,0,0,0,"4,932.19"
,,,,,,,,,
 200059006  Derrick Henry,,,,,,,,,
,,,,,,,,,
,24522,200059006, 11/19/2020 ,,,,350.92,,
,,,,,,,,,
,,,, Job Totals: ,0,0,350.92,0,0
,,,,,,,,,
 200102001  Dalvin Cook ,,,,,,,,,
,,,,,,,,,
,24663, 200102001-1 , 12/10/2020 ,,,"53,000.00",,,
,,,,,,,,,
,,,, Job Totals: ,0,"53,000.00",0,0,0
,,,,,,,,,
 200152001  Nick Chubb ,,,,,,,,,
,,,,,,,,,
,23526, 200152001-2 , 07/24/2020 ,,,,,,"3,297.73"
,,,,,,,,,
,,,, Job Totals: ,0,0,0,0,"3,297.73"
,,,,,,,,,
 200215007  Aaron Jones,,,,,,,,,
,,,,,,,,,
,22499,200215007, 03/28/2020 ,,,,,,339.64
,,,,,,,,,
,,,, Job Totals: ,0,0,0,0,339.64
,,,,,,,,,
 200221001  Jonathon Taylor,,,,,,,,,
,,,,,,,,,
,24867, 200221001-1 , 01/02/2021 ,,,"5,757.52",,,
,,,,,,,,,
,,,, Job Totals: ,0,"5,757.52",0,0,0
,,,,,,,,,
 200284007  James Robinson,,,,,,,,,
,,,,,,,,,
,22549,200284007, 04/03/2020 ,,,,,,350
,,,,,,,,,
,,,, Job Totals: ,0,0,0,0,350
,,,,,,,,,
 200301001  Christian McCaffery,,,,,,,,,
,,,,,,,,,
,23885, 200301001-6 , 09/05/2020 ,,,,,,500
,,,,,,,,,
,,,, Job Totals: ,0,0,0,0,500
,,,,,,,,,
 200324006  Miles Sanders ,,,,,,,,,
,,,,,,,,,
,24690, 200324006-1 , 12/12/2020 ,,,610.52,,,
,,,,,,,,,
,,,, Job Totals: ,0,610.52,0,0,0
,,,,,,,,,
 200328001  David Montgomery,,,,,,,,,
,,,,,,,,,
,24116,200328001, 10/05/2020 ,,,,,,500
,,,,,,,,,
,,,, Job Totals: ,0,0,0,0,500
,,,,,,,,,
 200330001  Joe Mixon,,,,,,,,,
,,,,,,,,,
,24564, 200330001-1 , 11/22/2020 ,,,,"2,276.30",,
,,,,,,,,,
,,,, Job Totals: ,0,0,"2,276.30",0,0
,,,,,,,,,
 200349001  Josh Jacobs,,,,,,,,,
,,,,,,,,,
,24800, 200349001-2 , 12/21/2020 ,,,"2,440.13",,,
,,,,,,,,,
,,,, Job Totals: ,0,"2,440.13",0,0,0
,,,,,,,,,
 200391001  Ronald Jones II,,,,,,,,,
,,,,,,,,,
,24876, 200391001-5 , 01/14/2021 ,,2358.18,,,,
,,,,,,,,,
,,,, Job Totals: ,2358.18,0,0,0,0
,,,,,,,,,
 200406007  Damien Harris ,,,,,,,,,
,,,,,,,,,
,23023,200406007, 05/28/2020 ,,,,,,350
,,,,,,,,,
,,,, Job Totals: ,0,0,0,0,350
,,,,,,,,,
 200424001  Melvin Gordon III,,,,,,,,,
,,,,,,,,,
,24920,200424001, 05/23/2020 ,,,,,,338.2
,,,,,,,,,
,,,, Job Totals: ,0,0,0,0,338.2
,,,,,,,,,
 200432001  Ezekiel Elliott,,,,,,,,,
,,,,,,,,,
,24557, 200432001-3 , 11/22/2020 ,,,,"10,678.92",,
,,,,,,,,,
,,,, Job Totals: ,0,0,"10,678.92",0,0
,,,,,,,,,
 200464001  Raheem Mostert,,,,,,,,,
,,,,,,,,,
,24207, 200464001-1 , 10/15/2020 ,,,,,"3,972.90",
,,,,,,,,,
,,,, Job Totals: ,0,0,0,"3,972.90",0
,,,,,,,,,
 200471001  Kenyan Drake,,,,,,,,,
,,,,,,,,,
,24760, 200471001-1 , 12/18/2020 ,,,"7,337.62",,,
,24815, 200471001-2 , 12/26/2020 ,,,261.18,,,
,,,,,,,,,
,,,, Job Totals: ,0,"7,598.80",0,0,0
,,,,,,,,,
 200491001  Antonio Williams,,,,,,,,,
,,,,,,,,,
,24736, 200491001-1 , 12/17/2020 ,,,500,,,
,,,,,,,,,
,,,, Job Totals: ,0,500,0,0,0
,,,,,,,,,
 200492001  Alvin Kamara,,,,,,,,,
,,,,,,,,,
,24781, 200492001-3 , 11/30/2020 ,,,,"4,664.95",,
,,,,,,,,,
,,,, Job Totals: ,0,0,"4,664.95",0,0
,,,,,,,,,
 200509002 Clyde Edwards-Helaire,,,,,,,,,
,,,,,,,,,
,23307,200509002, 06/19/2020 ,,,,,,558.2
,,,,,,,,,
,,,, Job Totals: ,0,0,0,0,558.2
,,,,,,,,,
 200528001  Myles Gaskin,,,,,,,,,
,,,,,,,,,
,24451,200528001, 10/31/2020 ,,,,,"17,018.87",
,,,,,,,,,
,,,, Job Totals: ,0,0,0,"17,018.87",0
,,,,,,,,,
 200543007  David Johnson,,,,,,,,,
,,,,,,,,,
,23290,200543007, 06/29/2020 ,,,,,,250
,,,,,,,,,
,,,, Job Totals: ,0,0,0,0,250
,,,,,,,,,
 200563001  Antonio Gibson,,,,,,,,,
,,,,,,,,,
,24651,200563001, 12/03/2020 ,,,,"16,615.60",,
,,,,,,,,,
,,,, Job Totals: ,0,0,"16,615.60",0,0
,,,,,,,,,
 200582003  Chris Carson,,,,,,,,,
,,,,,,,,,
,23757,200582003, 08/22/2020 ,,,,,,"1,000.00"
,,,,,,,,,
,,,, Job Totals: ,0,0,0,0,"1,000.00"
,,,,,,,,,
 200588006  James Conner ,,,,,,,,,
,,,,,,,,,
,23930, 200588006-1 , 08/10/2020 ,,,,,,"4,098.08"
,,,,,,,,,
,,,, Job Totals: ,0,0,0,0,"4,098.08"
,,,,,,,,,
 200624001  Jeff Wilson Jr.,,,,,,,,,
,,,,,,,,,
,24755, 200624001-3 , 12/17/2020 ,,,"10,881.87",,,
,,,,,,,,,
,,,, Job Totals: ,0,"10,881.87",0,0,0
,,,,,,,,,
 200624004  J.K. Dobbins,,,,,,,,,
,,,,,,,,,
,24396, 200624004-1 , 11/06/2020 ,,,,,707.45,
,24528, 200624004-1 , 11/19/2020 ,,,,707.45,,
,,,,,,,,,
,,,, Job Totals: ,0,0,707.45,707.45,0
,,,,,,,,,
 200626001  Salvon Ahmed,,,,,,,,,
,,,,,,,,,
,24691, 200626001-3 , 12/12/2020 ,,,"8,730.57",,,
,,,,,,,,,
,,,, Job Totals: ,0,"8,730.57",0,0,0
,,,,,,,,,
 200670001  Austin Ekeler ,,,,,,,,,
,,,,,,,,,
,24688, 200670001-2 , 12/11/2020 ,,,349.06,,,
,,,,,,,,,
,,,, Job Totals: ,0,349.06,0,0,0
,,,,,,,,,
 200684001  Kareem Hunt ,,,,,,,,,
,,,,,,,,,
,23816,200684001, 08/27/2020 ,,,,,,308.63
,,,,,,,,,
,,,, Job Totals: ,0,0,0,0,308.63
,,,,,,,,,
 200686001  Sony Michel ,,,,,,,,,
,,,,,,,,,
,24500,200686001, 11/19/2020 ,,,,"1,650.61",,
,,,,,,,,,
,,,, Job Totals: ,0,0,"1,650.61",0,0
,,,,,,,,,
 200686004  Cam Akers,,,,,,,,,
,,,,,,,,,
,24190,200686004, 10/12/2020 ,,,,,"4,782.25",
,24563, 200686004-1 , 11/22/2020 ,,,,-33.3,,
,24831, 200686004-1 , 12/27/2020 ,,,-778.33,,,
,,,,,,,,,
,,,, Job Totals: ,0,-778.33,-33.3,"4,782.25",0
,,,,,,,,,
 200688007  Phillip Lindsay,,,,,,,,,
,,,,,,,,,
,24946,200688007, 01/17/2021 ,,250,,,,
,,,,,,,,,
,,,, Job Totals: ,250,0,0,0,0
,,,,,,,,,
 200692001  Wayne Gallman Jr.,,,,,,,,,
,,,,,,,,,
,24964, 200692001-2 , 01/17/2021 ,,20818.92,,,,
,,,,,,,,,
,,,, Job Totals: ,20818.92,0,0,0,0
,,,,,,,,,
 200703001  Todd Gurley II,,,,,,,,,
,,,,,,,,,
,24379, 200703001-3 , 11/05/2020 ,,,,,14.41,
,,,,,,,,,
,,,, Job Totals: ,0,0,0,14.41,0
,,,,,,,,,
 200714001  Gus Edwards,,,,,,,,,
,,,,,,,,,
,24565, 200714001-1 , 11/22/2020 ,,,,"1,000.00",,
,24566, 200714001-2 , 11/22/2020 ,,,,"2,116.90",,
,,,,,,,,,
,,,, Job Totals: ,0,0,"3,116.90",0,0
,,,,,,,,,
 200714004  Latavius Murray,,,,,,,,,
,,,,,,,,,
,23971,200714004, 09/21/2020 ,,,,,,"3,560.91"
,24102, 200714004-1 , 10/03/2020 ,,,,,,739.34
,,,,,,,,,
,,,, Job Totals: ,0,0,0,0,"4,300.25"
,,,,,,,,,
 200715001  Frank Gore,,,,,,,,,
,,,,,,,,,
,24213, 200715001-1 , 10/15/2020 ,,,,,"1,691.43",
,24492, 200715001-2 , 11/19/2020 ,,,,"2,242.42",,
,,,,,,,,,
,,,, Job Totals: ,0,0,"2,242.42","1,691.43",0
,,,,,,,,,
 200752001  Devin Singletary,,,,,,,,,
,,,,,,,,,
,24698, 200752001-1 , 12/13/2020 ,,,"6,826.91",,,
,,,,,,,,,
,,,, Job Totals: ,0,"6,826.91",0,0,0
,,,,,,,,,
 200752004  Mike Davis,,,,,,,,,
,,,,,,,,,
,24306,200752004, 10/19/2020 ,,,,,"6,044.41",
,,,,,,,,,
,,,, Job Totals: ,0,0,0,"6,044.41",0
,,,,,,,,,
 200759004  Adrian Peterson ,,,,,,,,,
,,,,,,,,,
,23973,200759004, 09/21/2020 ,,,,,,"3,136.16"
,,,,,,,,,
,,,, Job Totals: ,0,0,0,0,"3,136.16"
,,,,,,,,,
 200769001  D'Andre Swift ,,,,,,,,,
,,,,,,,,,
,24657,200769001, 12/03/2020 ,,,,"11,425.95",,
,,,,,,,,,
,,,, Job Totals: ,0,0,"11,425.95",0,0
,,,,,,,,,
 200775001  Zack Moss,,,,,,,,,
,,,,,,,,,
,24599,200775001, 11/28/2020 ,,,,"3,973.92",,
,,,,,,,,,
,,,, Job Totals: ,0,0,"3,973.92",0,0
,,,,,,,,,
 200776001  Carlos Hyde,,,,,,,,,
,,,,,,,,,
,24703,200776001, 12/13/2020 ,,,"2,000.00",,,
,,,,,,,,,
,,,, Job Totals: ,0,"2,000.00",0,0,0
,,,,,,,,,
 200784001  Devonta Freeman,,,,,,,,,
,,,,,,,,,
,24157, 200784001-1 , 10/10/2020 ,,,,,"1,474.29",
,,,,,,,,,
,,,, Job Totals: ,0,0,0,"1,474.29",0
,,,,,,,,,
 200785001  Alexander Mattison,,,,,,,,,
,,,,,,,,,
,24117,200785001, 10/05/2020 ,,,,,,400
,,,,,,,,,
,,,, Job Totals: ,0,0,0,0,400
,,,,,,,,,
 200810001  Leonard Fournette,,,,,,,,,
,,,,,,,,,
,24647, 200810001-1 , 12/03/2020 ,,,,"18,705.24",,
,,,,,,,,,
,,,, Job Totals: ,0,0,"18,705.24",0,0
,,,,,,,,,
 200817001  Kliff Klingsbury,,,,,,,,,
,,,,,,,,,
,23848,200817001, 08/29/2020 ,,,,,,"10,789.25"
,24770, 200817001-2 , 12/18/2020 ,,,"2,060.72",,,
,,,,,,,,,
,,,, Job Totals: ,0,"2,060.72",0,0,"10,789.25"
,,,,,,,,,
 200826001  John Harbaugh,,,,,,,,,
,,,,,,,,,
,24059,200826001, 09/28/2020 ,,,,,,250
,,,,,,,,,
,,,, Job Totals: ,0,0,0,0,250
,,,,,,,,,
 200833001  Sean McDermott,,,,,,,,,
,,,,,,,,,
,24338, 200833001-1 , 10/31/2020 ,,,,,288.42,
,,,,,,,,,
,,,, Job Totals: ,0,0,0,288.42,0
,,,,,,,,,
 200849003  Matt Ruhle,,,,,,,,,
,,,,,,,,,
,23982,200849003, 09/21/2020 ,,,,,,"11,535.70"
,,,,,,,,,
,,,, Job Totals: ,0,0,0,0,"11,535.70"
,,,,,,,,,
 200851001  Matt Nagy,,,,,,,,,
,,,,,,,,,
,24742, 200851001-1 , 12/17/2020 ,,,"20,350.23",,,
,24967, 200851001-2 , 01/17/2021 ,,601.16,,,,
,,,,,,,,,
,,,, Job Totals: ,601.16,"20,350.23",0,0,0
,,,,,,,,,
 200851002  Zac Taylor,,,,,,,,,
,,,,,,,,,
,24629,200851002, 11/30/2020 ,,,,"2,011.30",,
,,,,,,,,,
,,,, Job Totals: ,0,0,"2,011.30",0,0
,,,,,,,,,
 200851006  Kevin Stefanski,,,,,,,,,
,,,,,,,,,
,24741,200851006, 12/17/2020 ,,,"12,859.02",,,
,,,,,,,,,
,,,, Job Totals: ,0,"12,859.02",0,0,0
,,,,,,,,,
 200869001  Mike McCarthy ,,,,,,,,,
,,,,,,,,,
,24264, 200869001-1 , 10/22/2020 ,,,,,"1,000.00",
,24806, 200869001-2 , 12/21/2020 ,,,494.03,,,
,,,,,,,,,
,,,, Job Totals: ,0,494.03,0,"1,000.00",0
,,,,,,,,,
 200872007  Vic Fangio ,,,,,,,,,
,,,,,,,,,
,24954,200872007, 01/17/2021 ,,350,,,,
,,,,,,,,,
,,,, Job Totals: ,350,0,0,0,0
,,,,,,,,,
 200878001  Matt LaFleur ,,,,,,,,,
,,,,,,,,,
,24922, 200878001-1 , 01/16/2021 ,,17085.82,,,,
,24923, 200878001-2 , 01/16/2021 ,,3375.82,,,,
,,,,,,,,,
,,,, Job Totals: ,20461.64,0,0,0,0
,,,,,,,,,
 200895002  Frank Reich,,,,,,,,,
,,,,,,,,,
,24441,200895002, 11/09/2020 ,,,,360,,
,,,,,,,,,
,,,, Job Totals: ,0,0,360,0,0
,,,,,,,,,
 200901014  Andy Reid,,,,,,,,,
,,,,,,,,,
,24113,200901014, 09/21/2020 ,,,,,,"6,937.71"
,,,,,,,,,
,,,, Job Totals: ,0,0,0,0,"6,937.71"
,,,,,,,,,
 200913001  Jon Gruden,,,,,,,,,
,,,,,,,,,
,24279,200913001, 10/22/2020 ,,,,,203.22,
,,,,,,,,,
,,,, Job Totals: ,0,0,0,203.22,0
,,,,,,,,,
 200914001  Brandon Staley,,,,,,,,,
,,,,,,,,,
,24873, 200914001-2 , 01/14/2021 ,,5192.06,,,,
,,,,,,,,,
,,,, Job Totals: ,5192.06,0,0,0,0
,,,,,,,,,
 200917001  Urban Meyer ,,,,,,,,,
,,,,,,,,,
,24062,200917001, 09/28/2020 ,,,,,,341.2
,,,,,,,,,
,,,, Job Totals: ,0,0,0,0,341.2
,,,,,,,,,
 200921001  Sean McVay,,,,,,,,,
,,,,,,,,,
,24949,200921001, 01/17/2021 ,,500,,,,
,,,,,,,,,
,,,, Job Totals: ,500,0,0,0,0
,,,,,,,,,
 200922001  Brian Flores,,,,,,,,,
,,,,,,,,,
,24121,200922001, 10/05/2020 ,,,,,,"5,000.00"
,,,,,,,,,
,,,, Job Totals: ,0,0,0,0,"5,000.00"
,,,,,,,,,
 200927001  Mike Zimmer,,,,,,,,,
,,,,,,,,,
,24972, 200927001-1 , 01/18/2021 ,,892.86,,,,
,,,,,,,,,
,,,, Job Totals: ,892.86,0,0,0,0
,,,,,,,,,
 200944001  Bill Bilichick ,,,,,,,,,
,,,,,,,,,
,24507,200944001, 11/19/2020 ,,,,250,,
,,,,,,,,,
,,,, Job Totals: ,0,0,250,0,0
,,,,,,,,,
 200959001  Sean Payton,,,,,,,,,
,,,,,,,,,
,24442, 200959001-1 , 11/09/2020 ,,,,"5,439.59",,
,,,,,,,,,
,,,, Job Totals: ,0,0,"5,439.59",0,0
,,,,,,,,,
 200976004  Joe Judge,,,,,,,,,
,,,,,,,,,
,24943,200976004, 01/17/2021 ,,7130.2,,,,
,,,,,,,,,
,,,, Job Totals: ,7130.2,0,0,0,0
,,,,,,,,,
 200984001  Robert Saleh ,,,,,,,,,
,,,,,,,,,
,24241,200984001, 10/18/2020 ,,,,,31.95,
,,,,,,,,,
,,,, Job Totals: ,0,0,0,31.95,0
,,,,,,,,,
 200991001  Mike Tomlin,,,,,,,,,
,,,,,,,,,
,24598,200991001, 11/28/2020 ,,,,"1,000.00",,
,,,,,,,,,
,,,, Job Totals: ,0,0,"1,000.00",0,0
,,,,,,,,,
 200992002  Kyle Shanahan,,,,,,,,,
,,,,,,,,,
,24343,200992002, 10/31/2020 ,,,,,"5,359.16",
,,,,,,,,,
,,,, Job Totals: ,0,0,0,"5,359.16",0
,,,,,,,,,
 200993001  Pete Carroll,,,,,,,,,
,,,,,,,,,
,24701, 200993001-1 , 12/13/2020 ,,,"4,086.09",,,
,,,,,,,,,
,,,, Job Totals: ,0,"4,086.09",0,0,0
,,,,,,,,,
 200997014  Bruce Arians,,,,,,,,,
,,,,,,,,,
,24626,200997014, 11/30/2020 ,,,,"1,168.60",,
,,,,,,,,,
,,,, Job Totals: ,0,0,"1,168.60",0,0
,,,,,,,,,
 201002002  Mike Vrabel,,,,,,,,,
,,,,,,,,,
,24511,201002002, 11/19/2020 ,,,,"5,965.00",,
,,,,,,,,,
,,,, Job Totals: ,0,0,"5,965.00",0,0
,,,,,,,,,
 201006001  Ron Rivera ,,,,,,,,,
,,,,,,,,,
,24527, 201006001-1 , 11/19/2020 ,,,,"3,430.00",,
,,,,,,,,,
,,,, Job Totals: ,0,0,"3,430.00",0,0
,,,,,,,,,
 201016003  DeAndre Hopkins,,,,,,,,,
,,,,,,,,,
,24217,201016003, 10/15/2020 ,,,,,756.57,
,,,,,,,,,
,,,, Job Totals: ,0,0,0,756.57,0
,,,,,,,,,
 201019007  Julio Jones ,,,,,,,,,
,,,,,,,,,
,24274,201019007, 10/22/2020 ,,,,,840.14,
,,,,,,,,,
,,,, Job Totals: ,0,0,0,840.14,0
,,,,,,,,,
 201042001  Calvin Ridley,,,,,,,,,
,,,,,,,,,
,24878,201042001, 01/14/2021 ,,2000,,,,
,,,,,,,,,
,,,, Job Totals: ,2000,0,0,0,0
,,,,,,,,,
 201042006  Marquise Brown ,,,,,,,,,
,,,,,,,,,
,24444,201042006, 11/09/2020 ,,,,"9,477.72",,
,,,,,,,,,
,,,, Job Totals: ,0,0,"9,477.72",0,0
,,,,,,,,,
 201053003  D.J. Moore ,,,,,,,,,
,,,,,,,,,
,24415, 201053003-1 , 11/07/2020 ,,,,,20.53,
,,,,,,,,,
,,,, Job Totals: ,0,0,0,20.53,0
,,,,,,,,,
 201056001  Robby Anderson,,,,,,,,,
,,,,,,,,,
,24683, 201056001-2 , 12/11/2020 ,,,955.41,,,
,,,,,,,,,
,,,, Job Totals: ,0,955.41,0,0,0
,,,,,,,,,
 201081001  A.J. Green,,,,,,,,,
,,,,,,,,,
,24966, 201081001-2 , 01/17/2021 ,,1383.49,,,,
,,,,,,,,,
,,,, Job Totals: ,1383.49,0,0,0,0
,,,,,,,,,
 201085001  Jarvis Landry ,,,,,,,,,
,,,,,,,,,
,24951,201085001, 01/17/2021 ,,800.92,,,,
,,,,,,,,,
,,,, Job Totals: ,800.92,0,0,0,0
,,,,,,,,,
 201086001  Amari Cooper ,,,,,,,,,
,,,,,,,,,
,24950,201086001, 01/17/2021 ,,500,,,,
,,,,,,,,,
,,,, Job Totals: ,500,0,0,0,0
,,,,,,,,,
 201095002  Courtland Sutton ,,,,,,,,,
,,,,,,,,,
,24424,201095002, 11/07/2020 ,,,,,68.29,
,,,,,,,,,
,,,, Job Totals: ,0,0,0,68.29,0
,,,,,,,,,
 201096001  Jerry Jeudy,,,,,,,,,
,,,,,,,,,
,24506,201096001, 11/19/2020 ,,,,250,,
,,,,,,,,,
,,,, Job Totals: ,0,0,250,0,0
,,,,,,,,,
 201097001  Kenny Golladay ,,,,,,,,,
,,,,,,,,,
,24778,201097001, 12/20/2020 ,,,"6,185.78",,,
,,,,,,,,,
,,,, Job Totals: ,0,"6,185.78",0,0,0
,,,,,,,,,
 201111003  Davante Adams,,,,,,,,,
,,,,,,,,,
,24407,201111003, 11/07/2020 ,,,,,"37,598.05",
,,,,,,,,,
,,,, Job Totals: ,0,0,0,"37,598.05",0
,,,,,,,,,
 201117001  Allen Lazard,,,,,,,,,
,,,,,,,,,
,24842, 201117001-2 , 01/02/2020 ,,,,,,0.1
,,,,,,,,,
,,,, Job Totals: ,0,0,0,0,0.1
,,,,,,,,,
 201121001  Will Fuller V,,,,,,,,,
,,,,,,,,,
,24665,201121001, 12/10/2020 ,,,"2,500.00",,,
,,,,,,,,,
,,,, Job Totals: ,0,"2,500.00",0,0,0
,,,,,,,,,
 201138007  Brandon Cooks ,,,,,,,,,
,,,,,,,,,
,24952,201138007, 01/17/2021 ,,250,,,,
,,,,,,,,,
,,,, Job Totals: ,250,0,0,0,0
,,,,,,,,,
 201143001  T.Y. Hilton,,,,,,,,,
,,,,,,,,,
,24739,201143001, 12/17/2020 ,,,"3,226.66",,,
,,,,,,,,,
,,,, Job Totals: ,0,"3,226.66",0,0,0
,,,,,,,,,
 201146002  Trey Burton,,,,,,,,,
,,,,,,,,,
,24535,201146002, 11/19/2020 ,,,,83.61,,
,,,,,,,,,
,,,, Job Totals: ,0,0,83.61,0,0
,,,,,,,,,
 201148007  Parris Campbell,,,,,,,,,
,,,,,,,,,
,24519,201148007, 11/19/2020 ,,,,250,,
,,,,,,,,,
,,,, Job Totals: ,0,0,250,0,0
,,,,,,,,,
 201154001  Tyreek Hill,,,,,,,,,
,,,,,,,,,
,24875, 201154001-2 , 01/14/2021 ,,4827,,,,
,,,,,,,,,
,,,, Job Totals: ,4827,0,0,0,0
,,,,,,,,,
 201169015  Travis Kelce ,,,,,,,,,
,,,,,,,,,
,24963,201169015, 01/17/2021 ,,2247.11,,,,
,,,,,,,,,
,,,, Job Totals: ,2247.11,0,0,0,0
,,,,,,,,,
 201174002  Sammy Watkins ,,,,,,,,,
,,,,,,,,,
,24531,201174002, 11/19/2020 ,,,,47.76,,
,,,,,,,,,
,,,, Job Totals: ,0,0,47.76,0,0
,,,,,,,,,
 201180002  Keenan Allen,,,,,,,,,
,,,,,,,,,
,24513,201180002, 11/19/2020 ,,,,263.77,,
,,,,,,,,,
,,,, Job Totals: ,0,0,263.77,0,0
,,,,,,,,,
 201180004  Mike Williams,,,,,,,,,
,,,,,,,,,
,24933,201180004, 01/17/2021 ,,5825.46,,,,
,,,,,,,,,
,,,, Job Totals: ,5825.46,0,0,0,0
,,,,,,,,,
 201198007  Hunter Henry,,,,,,,,,
,,,,,,,,,
,24505,201198007, 11/19/2020 ,,,,250,,
,,,,,,,,,
,,,, Job Totals: ,0,0,250,0,0
,,,,,,,,,
 201202006  Robert Woods,,,,,,,,,
,,,,,,,,,
,24948,201202006, 01/17/2021 ,,4741.01,,,,
,,,,,,,,,
,,,, Job Totals: ,4741.01,0,0,0,0
,,,,,,,,,
 201208001  Cooper Kupp,,,,,,,,,
,,,,,,,,,
,24884, 201208001-1 , 01/15/2021 ,,1985.94,,,,
,,,,,,,,,
,,,, Job Totals: ,1985.94,0,0,0,0
,,,,,,,,,
 201209007  Van Jefferson,,,,,,,,,
,,,,,,,,,
,24747,201209007, 12/17/2020 ,,,300,,,
,,,,,,,,,
,,,, Job Totals: ,0,300,0,0,0
,,,,,,,,,
 201217001  Tyler Higbee,,,,,,,,,
,,,,,,,,,
,24594,201217001, 11/28/2020 ,,,,400,,
,,,,,,,,,
,,,, Job Totals: ,0,0,400,0,0
,,,,,,,,,
 201236002  Darren Waller,,,,,,,,,
,,,,,,,,,
,24754,201236002, 12/17/2020 ,,,"1,494.56",,,
,,,,,,,,,
,,,, Job Totals: ,0,"1,494.56",0,0,0
,,,,,,,,,
 201238001  Hunter Renfrow ,,,,,,,,,
,,,,,,,,,
,24921,201238001, 01/16/2021 ,,1692.34,,,,
,,,,,,,,,
,,,, Job Totals: ,1692.34,0,0,0,0
,,,,,,,,,
 201243002  Jason Witten,,,,,,,,,
,,,,,,,,,
,24759,201243002, 12/17/2020 ,,,827.37,,,
,,,,,,,,,
,,,, Job Totals: ,0,827.37,0,0,0
,,,,,,,,,
 201245007  Darius Slayton ,,,,,,,,,
,,,,,,,,,
,24958,201245007, 01/17/2021 ,,250,,,,
,,,,,,,,,
,,,, Job Totals: ,250,0,0,0,0
,,,,,,,,,
 201247004  Golden Tate,,,,,,,,,
,,,,,,,,,
,24956,201247004, 01/17/2021 ,,250,,,,
,,,,,,,,,
,,,, Job Totals: ,250,0,0,0,0
,,,,,,,,,
 201252004  Jamison Crowder ,,,,,,,,,
,,,,,,,,,
,24962,201252004, 01/17/2021 ,,300,,,,
,,,,,,,,,
,,,, Job Totals: ,300,0,0,0,0
,,,,,,,,,
 201252007  Joe Flacco,,,,,,,,,
,,,,,,,,,
,24961,201252007, 01/17/2021 ,,300,,,,
,,,,,,,,,
,,,, Job Totals: ,300,0,0,0,0
,,,,,,,,,
 201256002  Zach Ertz,,,,,,,,,
,,,,,,,,,
,24969,201256002, 01/17/2021 ,,1571.34,,,,
,,,,,,,,,
,,,, Job Totals: ,1571.34,0,0,0,0
,,,,,,,,,
 201258007  Dallas Goedert,,,,,,,,,
,,,,,,,,,
,24748,201258007, 12/17/2020 ,,,118.2,,,
,,,,,,,,,
,,,, Job Totals: ,0,118.2,0,0,0
,,,,,,,,,
 201265014  Carson Wentz,,,,,,,,,
,,,,,,,,,
,24753,201265014, 12/17/2020 ,,,"3,519.67",,,
,,,,,,,,,
,,,, Job Totals: ,0,"3,519.67",0,0,0
,,,,,,,,,
 201266002  Tyler Lockett,,,,,,,,,
,,,,,,,,,
,24738,201266002, 12/17/2020 ,,,918.75,,,
,,,,,,,,,
,,,, Job Totals: ,0,918.75,0,0,0
,,,,,,,,,
 201269007  Eric Ebron ,,,,,,,,,
,,,,,,,,,
,24960,201269007, 01/17/2021 ,,450,,,,
,,,,,,,,,
,,,, Job Totals: ,450,0,0,0,0
,,,,,,,,,
 201270001  Chase Clypool,,,,,,,,,
,,,,,,,,,
,24965,201270001, 01/17/2021 ,,500,,,,
,,,,,,,,,
,,,, Job Totals: ,500,0,0,0,0
,,,,,,,,,
 201273014  D.K. Metcalf ,,,,,,,,,
,,,,,,,,,
,24953,201273014, 01/17/2021 ,,312.06,,,,
,,,,,,,,,
,,,, Job Totals: ,312.06,0,0,0,0
,,,,,,,,,
 201279007  John Brown ,,,,,,,,,
,,,,,,,,,
,24970,201279007, 01/17/2021 ,,250,,,,
,,,,,,,,,
,,,, Job Totals: ,250,0,0,0,0
,,,,,,,,,
 201285007  Stefon Diggs,,,,,,,,,
,,,,,,,,,
,24955,201285007, 01/17/2021 ,,350,,,,
,,,,,,,,,
,,,, Job Totals: ,350,0,0,0,0
,,,,,,,,,
 201290002  Mark Andrews,,,,,,,,,
,,,,,,,,,
,24968,201290002, 01/17/2021 ,,871.09,,,,
,,,,,,,,,
,,,, Job Totals: ,871.09,0,0,0,0
,,,,,,,,,
 201292014  Dan Arnold,,,,,,,,,
,,,,,,,,,
,24942,201292014, 01/17/2021 ,,2539.27,,,,
,,,,,,,,,
,,,, Job Totals: ,2539.27,0,0,0,0
,,,,,,,,,
 201315007  Hayden Hurst,,,,,,,,,
,,,,,,,,,
,24945,201315007, 01/17/2021 ,,250,,,,
,,,,,,,,,
,,,, Job Totals: ,250,0,0,0,0
,,,,,,,,,
 201318002  Bryce Love,,,,,,,,,
,,,,,,,,,
,24937,201318002, 01/17/2021 ,,3654.12,,,,
,,,,,,,,,
,,,, Job Totals: ,3654.12,0,0,0,0
,,,,,,,,,
 201336006  Terry McLaurin ,,,,,,,,,
,,,,,,,,,
,24936,201336006, 01/17/2021 ,,19077.58,,,,
,,,,,,,,,
,,,, Job Totals: ,19077.58,0,0,0,0
,,,,,,,,,
 201338007  Logan Thomas,,,,,,,,,
,,,,,,,,,
,24944,201338007, 01/17/2021 ,,250,,,,
,,,,,,,,,
,,,, Job Totals: ,250,0,0,0,0
,,,,,,,,,
 201339005  Jonnu Smith,,,,,,,,,
,,,,,,,,,
,24935,201339005, 01/17/2021 ,,6438.96,,,,
,,,,,,,,,
,,,, Job Totals: ,6438.96,0,0,0,0
,,,,,,,,,
 201339006  Corey Davis,,,,,,,,,
,,,,,,,,,
,24934,201339006, 01/17/2021 ,,4096.58,,,,
,,,,,,,,,
,,,, Job Totals: ,4096.58,0,0,0,0
,,,,,,,,,
 201340007  A.J. Brown,,,,,,,,,
,,,,,,,,,
,24932,201340007, 01/17/2021 ,,300,,,,
,,,,,,,,,
,,,, Job Totals: ,300,0,0,0,0
,,,,,,,,,
 201345001  Josh Rosen,,,,,,,,,
,,,,,,,,,
,24931,201345001, 01/17/2021 ,,300,,,,
,,,,,,,,,
,,,, Job Totals: ,300,0,0,0,0
,,,,,,,,,
 201347002  Tevin Coleman,,,,,,,,,
,,,,,,,,,
,24939,201347002, 01/17/2021 ,,775.12,,,,
,,,,,,,,,
,,,, Job Totals: ,775.12,0,0,0,0
,,,,,,,,,
 201353002  Jordan Reed,,,,,,,,,
,,,,,,,,,
,24938,201353002, 01/17/2021 ,,1214.64,,,,
,,,,,,,,,
,,,, Job Totals: ,1214.64,0,0,0,0
,,,,,,,,,
 201360002  George Kittle,,,,,,,,,
,,,,,,,,,
,24941,201360002, 01/17/2021 ,,800,,,,
,,,,,,,,,
,,,, Job Totals: ,800,0,0,0,0
,,,,,,,,,
 201364007  Greg Olsen ,,,,,,,,,
,,,,,,,,,
,24930,201364007, 01/17/2021 ,,300,,,,
,,,,,,,,,
,,,, Job Totals: ,300,0,0,0,0
,,,,,,,,,
 201370002  David Moore,,,,,,,,,
,,,,,,,,,
,24940,201370002, 01/17/2021 ,,175,,,,
,,,,,,,,,
,,,, Job Totals: ,175,0,0,0,0
